<?xml version="1.0" encoding="utf-8"?>
<ApplicationInstallerManifest>
   <DefaultInstallationDirectory>/Applications/MatSimAFM/</DefaultInstallationDirectory>
   <ApplicationName>MatSimAFM</ApplicationName>
   <ExecutableName>application/MatSimAFM.exe</ExecutableName>
   <GUID>77b8d52b-3cd4-42e1-b003-2bd15c16fc1c</GUID>
   <ApplicationIcon>default_icon_48.png</ApplicationIcon>
   <Logo>default_logo.png</Logo>
   <Version>2.0</Version>
   <AuthorOrganization>University of Leeds</AuthorOrganization>
   <WelcomePanelText>MatSimAFM 2.0
George Heath
g.r.heath@leeds.ac.uk</WelcomePanelText>
   <MCRProducts>
      <MCRProduct>
         <ExternalProductIdentifier>35002</ExternalProductIdentifier>
      </MCRProduct>
      <MCRProduct>
         <ExternalProductIdentifier>35003</ExternalProductIdentifier>
      </MCRProduct>
      <MCRProduct>
         <ExternalProductIdentifier>35010</ExternalProductIdentifier>
      </MCRProduct>
      <MCRProduct>
         <ExternalProductIdentifier>35117</ExternalProductIdentifier>
      </MCRProduct>
      <MCRProduct>
         <ExternalProductIdentifier>35183</ExternalProductIdentifier>
      </MCRProduct>
   </MCRProducts>
</ApplicationInstallerManifest>